标题,日期时间,日期
十大博客看后市：2600点下方将现低吸机会,(12月07日 15:24),12月07日
杨德龙：跨年度行情能否出现,(12月07日 12:06),12月07日
午后名博看市：2600点得失至关重要,(12月07日 11:26),12月07日
李大霄：2449点成为A股历史第五个底部正变为事实,(12月07日 09:47),12月07日
杨德龙：2019年可能会出现“美股向下、A股向上”,(12月07日 09:42),12月07日
2018中国股民图鉴：有房有车中年已婚男 别名韭菜,(12月07日 08:28),12月07日
并购重组新周期提前预警：严控高估值泡沫,(12月07日 07:43),12月07日
兰波：业绩承诺不达标 就该大股东负责,(12月07日 06:36),12月07日
谨防纾困资金流入“僵尸企业”,(12月07日 01:44),12月07日
评论：更多指数公司相中A股 得益于制度日益完善,(12月07日 01:43),12月07日
券商上报科创板初选名单 静候沪伦通业务资格,(12月07日 01:37),12月07日
并购重组审核量过会率双升 但审核标准并未降低,(12月07日 00:31),12月07日
长城基金向威达：A股将维持震荡反弹格局,(12月07日 00:15),12月07日
十大博客看后市：周五大盘面临重大考验,(12月06日 15:58),12月06日
高通总裁：刚听说华为CFO被暂扣 希望帮中国伙伴发展,(12月06日 11:47),12月06日
午后名博看市：指数回调 把握超跌股机会,(12月06日 11:33),12月06日
胡锡进:美国在市场上打不垮华为 请不要采取流氓手段,(12月06日 11:21),12月06日
小市值壳资源走俏：买方按图寻宝 卖方坐地起价,(12月06日 10:37),12月06日
科创板的“春雷”响起 股权投资这个冬天不会冷了？,(12月06日 08:01),12月06日
中国证券报：强化商誉监管需破除三大顽疾,(12月06日 02:51),12月06日
“壳式”堰塞湖 股市另类奇观是怎样炼成的,(12月06日 02:29),12月06日
2019年A股市场“不差钱”,(12月06日 00:43),12月06日
证券日报：如何看待人民币汇率的“弹簧式”升值？,(12月06日 00:43),12月06日
250亿元民企资金涌入 市场化债转股提速,(12月06日 00:34),12月06日
十大博客看后市：耐心等待阶段性低吸机会,(12月05日 15:09),12月05日
德龙密语：跨年度行情能否出现？,(12月05日 13:32),12月05日
李大霄：2449点成为中国股市第五个大底 越来越扎实,(12月05日 11:53),12月05日
午后名博看市：探底回升关注生命线得失,(12月05日 11:28),12月05日
李大霄：A股步入相对顽强的新阶段 无需恐慌,(12月05日 09:39),12月05日
罕见借壳模式催生连续涨停 买壳+吸并为谁辛苦为谁甜,(12月05日 09:24),12月05日
沪伦通“通车”倒计时 中国金融市场全球化再提速,(12月05日 07:06),12月05日
曹中铭：有了多元调解机制 投资人维权将大为便捷,(12月05日 06:53),12月05日
熊锦秋：吁请将“最小报价单位”与股价挂钩,(12月05日 06:53),12月05日
狂涨七倍次新股 下调最高已超67%,(12月05日 02:55),12月05日
壳掮客2018年惊诧论:成长股变优质壳 ST股门前车马稀,(12月05日 01:52),12月05日
证券日报:财税货币股市政策需完善 才能形成稳定预期,(12月05日 01:49),12月05日
科创板的推出将加速科技创新龙头成型,(12月05日 00:15),12月05日
李大霄：八理由支撑2449点成为史上第五个大底,(12月04日 17:23),12月04日
十大博客看后市：个股又进入一轮拉升阶段,(12月04日 15:27),12月04日
李大霄：政策底和市场底的同时出现 招商魔咒将失效,(12月04日 15:13),12月04日
午后名博看市：市场缺乏合力攻击板块,(12月04日 11:38),12月04日
盘和林：谁能上科创板？要符合三个要求,(12月04日 07:41),12月04日
董登新：科创板+注册制 将是A股的一场革命,(12月04日 07:40),12月04日
多重利好推升交易热情 12月A股开门红,(12月04日 03:28),12月04日
中美经贸达成共识 亚太股市喜气洋洋,(12月04日 02:52),12月04日
股指期货有望恢复常态 T+0交易也应尽快恢复,(12月04日 02:30),12月04日
股指期货常态化为外资入市提供合适的风险管理工具,(12月04日 02:09),12月04日
个税冲击波能影响到A股吗？,(12月04日 02:09),12月04日
摩根大通TMT银行家：对明年中国科技市场谨慎乐观,(12月04日 01:21),12月04日
机构：科创板料加速保荐机构业务模式转变,(12月04日 00:37),12月04日
“纾困+减持”惹争议 配套监管待完善,(12月04日 00:35),12月04日
十大博客看后市：缺口三天不回补 将准备向上突破,(12月03日 15:28),12月03日
午后名博看市：股指上涨能否维持 关注两大条件,(12月03日 11:25),12月03日
国信:等待盈利拐点 博弈政策放松的金融地产科创板等,(12月03日 10:02),12月03日
李大霄：救市政策逐项落实 中国股市春天终于盼来,(12月03日 09:37),12月03日
A股控制权变更创5年新高 谁在出手谁在接盘？,(12月03日 08:18),12月03日
“中国版纳斯达克”喊了多年 这届科创板行吗？,(12月03日 07:06),12月03日
告别“滚动熊市年”摩根士丹利认为明年是转折点,(12月03日 06:00),12月03日
郭施亮：A股加速国际化有哪些积极影响,(12月03日 03:55),12月03日
融通基金林清源：商誉减值潮是成长股的“成人礼”,(12月03日 03:34),12月03日
博时基金李权胜：市场情绪低落时恰是布局好时机,(12月03日 03:34),12月03日
银泰证券陈建华：积极因素提振两市运行,(12月03日 01:01),12月03日
西部证券王梁幸：A股延续震荡筑底走势,(12月03日 01:01),12月03日
股指期货迎来2017年以来第三次松绑 资金有望回流A股,(12月03日 00:10),12月03日
50万元就能达到最低门槛 散户同样应该用好股指期货,(12月03日 00:01),12月03日
下周影响市场重要资讯前瞻,(12月02日 14:59),12月02日
水皮：政策底不是市场底 未来有行情但高度有限,(12月01日 07:36),12月01日
兰桂坊夜店股上市将掀起什么浪花？,(12月01日 04:22),12月01日
陈嘉禾：熊市中抄底 找准“好而且便宜”的东西,(12月01日 04:22),12月01日
闻韶 ：加大商誉减值信披只是第一步,(12月01日 04:22),12月01日
姚永源：股市机会大于风险 周期股将引领反弹,(12月01日 00:45),12月01日
股票期权有望扩容 优化A股投资者结构,(12月01日 00:45),12月01日
管清友：经济发展前景可期 长期价值投资时代来临,(12月01日 00:07),12月01日
十大博客看后市：大盘神奇逆转暗示将迎来开门红,(11月30日 15:27),11月30日
白马股众生相：市盈率平均下降四成 仅9股逆市走强,(11月30日 14:15),11月30日
2019股市假设推背图:第6个五年周期结束后或迎新牛市,(11月30日 11:36),11月30日
午后名博看市：等待再次下挫后的低吸良机,(11月30日 11:36),11月30日
西南证券：2019沪指或到3200点 创业板望回归1700点,(11月30日 11:29),11月30日
海通姜超评PMI数据：供需双弱延续 通缩风险再现,(11月30日 10:09),11月30日
李大霄：撤掉创业板提法不靠谱 将与科创板一同发展,(11月30日 09:53),11月30日
国资接盘民营企业 后续要在整合上下功夫,(11月30日 07:50),11月30日
章玉贵：资本与创新高效对接 上海这一步怎么跨？,(11月30日 07:47),11月30日
被陈羽凡丑闻殃及 明星投资企业成也萧何败也萧何,(11月30日 07:46),11月30日
评论：科创板不是创业板的终结者,(11月30日 07:13),11月30日
评论：不应以传统产业政策刺激高科技企业成长,(11月30日 06:52),11月30日
美联储会议纪要:预计将很快加息 将为政策留灵活空间,(11月30日 04:09),11月30日
3大股指昨全线走弱 逾七成私募认为12月将有反弹行情,(11月30日 01:01),11月30日
纾困基金运作方略：究竟该救谁？,(11月30日 00:04),11月30日
专家预计明年一季度定向降准概率大,(11月30日 00:04),11月30日
评论：优化营商环境促进股市振兴,(11月30日 00:04),11月30日
低股价并不等于具备投资价值 莫把中弘退当长油,(11月30日 00:01),11月30日
十大博客看后市：大盘底部将不断抬高,(11月29日 15:12),11月29日
三大股指涨幅收窄 机构：缩量横盘格局仍未改变,(11月29日 11:45),11月29日
午后名博看市：缺口回补完毕午后将继续上涨,(11月29日 11:17),11月29日
李大霄：一系列利好推动下 政策底与市场底皆已出现,(11月29日 09:30),11月29日
李大霄：职业年金入市步伐加速 属重大利好消息,(11月29日 09:13),11月29日
皮海洲:强制复牌维护市场流动性 无法决定复牌后涨跌,(11月29日 08:13),11月29日
三季度全A股商誉达1.44万亿 谁会踩到商誉这颗雷,(11月29日 08:00),11月29日
要尊重市场规则 科创板“选秀”应淡化行政化色彩,(11月29日 02:30),11月29日
经参评论:科创板打开资本市场增量改革空间,(11月29日 00:41),11月29日
近7成上市公司年报预喜 布局年报行情应小心“地雷”,(11月29日 00:29),11月29日
预计将会有新资金流入 降准预期下的小盘股投资机会,(11月29日 00:29),11月29日
过度炒作即是风险 投资者应规避市北高新式追高悲剧,(11月29日 00:29),11月29日
专家：科创板候选公司需具备四大特征,(11月29日 00:23),11月29日
证券日报：金融监管“增强版”提升服务实体经济能力,(11月29日 00:23),11月29日
大摩华鑫基金王大鹏：未来2-3年股票市场并不悲观,(11月29日 00:04),11月29日
中国证券报：资本市场基础制度建设将提速,(11月29日 00:04),11月29日
十大博客看后市：暴拉指数 三大投资主线未变,(11月28日 15:48),11月28日
李大霄:上市公司回购行为属重大利好 将推动市场回稳,(11月28日 14:48),11月28日
午后名博看市：探底回升下两点关注,(11月28日 11:28),11月28日
李小加：上海推出科创板有“一石三鸟”的效果,(11月28日 10:00),11月28日
诺德基金郝旭东:2019赚钱机会多 锚定医药与龙头地产,(11月28日 08:06),11月28日
汇添富基金过蓓蓓：2019年银行依然是首选投资标的,(11月28日 07:58),11月28日
分析人士：高送转、“滥送转”都需强化规范,(11月28日 07:22),11月28日
市场学会理事：向长效共赢的市场机制再跨一大步,(11月28日 07:22),11月28日
经济研究者：所有重大重组事项均不停牌 如何？,(11月28日 07:22),11月28日
纸浆期货上市即收跌停 行业人士：价格还有调整空间,(11月28日 01:31),11月28日
险资加速增援民企 资金规模大和长期持有是两大优势,(11月28日 01:28),11月28日
评论：警惕“差一点儿”式高送转,(11月28日 01:28),11月28日
红杉中国2018投资地图曝光 早期投资占比超过60%,(11月28日 01:21),11月28日
十大博客看后市：市场万事俱备 正在等待点火,(11月27日 15:28),11月27日
杨德龙：如何抓住当前行情机会？,(11月27日 14:34),11月27日
吴晓求：中国的货币政策远比财政政策做得好,(11月27日 11:48),11月27日
午后名博看市：重磅事件或诱发A股变盘,(11月27日 11:35),11月27日
高送转戴上“紧箍咒” “任性送转”时代谢幕,(11月27日 07:21),11月27日
评论：老干妈有不上市的权利,(11月27日 06:36),11月27日
穿越牛熊——长期资金与股票期权产品的双剑合璧,(11月27日 06:33),11月27日
中国证券报：别让股份回购变成“空头支票”,(11月27日 01:27),11月27日
中证报：高送转戴上“紧箍咒” 任性送转时代谢幕,(11月27日 00:38),11月27日
严查市场操纵 应重视上市公司送转方案打擦边球行为,(11月27日 00:16),11月27日
十大博客看后市：今天大盘或是下跌中继,(11月26日 15:31),11月26日
德龙密语：如何抓住当前行情机会？,(11月26日 14:49),11月26日
估值处于相对底部区域 医药板块迎来修复行情,(11月26日 11:52),11月26日
午后名博看市：此轮反弹思路有新变化,(11月26日 11:21),11月26日
最严指引存进一步完善空间 建议高送转设定统一标准,(11月26日 02:30),11月26日
向“滥送转”亮剑 沪市高送转有望走向规范化,(11月26日 02:30),11月26日
游资恶炒创投概念惊动监管 创投股东觅得减持良机,(11月26日 01:59),11月26日
杨德龙：风险已充分释放 还有什么可担忧的？,(11月26日 01:20),11月26日
评论：高送转挂钩业绩成长降温炒作净化市场环境,(11月26日 00:04),11月26日
证券日报：股份回购实操细则有三大亮点,(11月26日 00:04),11月26日
为防止浑水摸鱼的情况 停复牌新规后应严防内幕交易,(11月26日 00:02),11月26日
新规明确高送转“负面清单” 高送转难任性,(11月26日 00:02),11月26日
中银策略：风格切换基础未形成 反弹主线是超跌修复,(11月25日 22:12),11月25日
下周影响市场重要资讯前瞻,(11月25日 14:54),11月25日
评论：纾困企业“减持宣言”是一针清醒剂,(11月25日 09:59),11月25日
海通姜超：中国收货币减税负 有望走向股债双牛之路,(11月23日 21:43),11月23日
高送转游戏会破灭？ 规范≠禁止 请勿轻言“不得”,(11月23日 21:31),11月23日
海通证券首席经济学家姜超：现在是历史性投资机会,(11月23日 15:30),11月23日
十大博客看后市：周五放量阴线暗藏三大积极信号,(11月23日 15:16),11月23日
追高资金遭闷杀 两大妖股一字跌停,(11月23日 14:10),11月23日
午后名博看市：关注2600点下方的低吸机会,(11月23日 11:44),11月23日
中国证券报：完善停复牌制度 有利维护A股流动性,(11月23日 02:31),11月23日
从中央到地方八方支援来纾困 民企自身也要“争气”,(11月23日 02:30),11月23日
赵薇夫妇再被罚 “明星资本玩家”之路行不通了,(11月23日 02:30),11月23日
行情回暖催热A股减持潮 监管关注清仓式套现,(11月23日 01:56),11月23日
郑眼看盘：缩量盘整 热点暂时较少,(11月23日 01:12),11月23日
因为累计涨幅过大 券商股下跌不是反弹结束的标志,(11月23日 00:26),11月23日
评论：停复牌制度助力A股国际化道路更顺畅,(11月23日 00:04),11月23日
逆回购焦虑怎么化解？金融监管不只数据发布还要解读,(11月23日 00:04),11月23日
董秘成高危职业：当好参谋和管家 还要“代人受过”,(11月22日 21:32),11月22日
近3000股有停牌经历 A股有股票三分之一时间都在停牌,(11月22日 20:02),11月22日
稳步推进退市制度改革 专家呼吁配套制度加速落地,(11月22日 15:32),11月22日
十大博客看后市：缩量震荡静静等待重要变盘来临,(11月22日 15:14),11月22日
午后名博看市：调整后即将迎来低吸机会,(11月22日 11:16),11月22日
中国股市为什么容不下“赵薇”们？,(11月22日 10:23),11月22日
证券日报二评罗永浩：永浩 停止你的永“锤”不休吧,(11月22日 07:00),11月22日
太平洋证券：以专业能力引导市场预期是研究立身之本,(11月22日 06:33),11月22日
大盘稍有起色股东就玩套路 有些公司边回购边减持,(11月22日 03:02),11月22日
杨德龙：防范商誉减值风险 坚持价值投资理念,(11月22日 02:19),11月22日
停牌庇护伞不复存在 市场流动性得到增强,(11月22日 02:19),11月22日
停复牌新规显效 “停牌钉子户”陆续复牌,(11月22日 02:19),11月22日
评论：退市企业重新上市从严标准不会变,(11月22日 02:19),11月22日
伦敦采访手记：A股真成了外资眼中的香饽饽？,(11月22日 02:05),11月22日
发行股份重组停牌时间不超过10个交易日,(11月22日 00:52),11月22日
给资本玩家的“罚单”“一个都不能少”,(11月22日 00:07),11月22日
上市公司停复牌戴紧箍 困扰A股的停牌顽疾开始好转,(11月22日 00:02),11月22日
沪深所发布停复牌新规征求意见 当日停牌率降至1.06%,(11月21日 23:06),11月21日
中证报评论：重拳祭出 “任性”停牌已穷途末路,(11月21日 22:57),11月21日
水皮：博天环境当头棒喝 资本的真相是人吃人,(11月21日 22:00),11月21日
政府纾困股东跑路 A股是怎样的一场博弈,(11月21日 19:52),11月21日
十大博客看后市：明日市场将选择短期方向,(11月21日 15:18),11月21日
杨德龙：下一步市场行情如何演绎？,(11月21日 14:13),11月21日
午后名博看市：指数再探支撑把握热点主线,(11月21日 12:04),11月21日
看公告千万别自作多情 这些高送转潜力股恐怕难送转,(11月21日 09:51),11月21日
道达早评：博天环境三位重要股东暂时不减持了,(11月21日 09:10),11月21日
桂浩明：科创板将至 新三板该如何重新定位,(11月21日 05:21),11月21日
张锐：高商誉从来不与乐观结果画等号,(11月21日 05:20),11月21日
"缓解股权质押风险既要防""踩踏"" 更要下功夫构建制度",(11月21日 01:13),11月21日
评论：上市公司高管要管好公司更要管好自己,(11月21日 01:13),11月21日
证券日报：抓住股市的核心功能谋划改革,(11月21日 01:13),11月21日
资本市场没有神话 避险永远是投资的第一要务,(11月21日 00:31),11月21日
申万宏源杨成长：科创板试行注册制应强化实质性审核,(11月21日 00:25),11月21日
治理停牌乱象 开弓已无回头箭,(11月21日 00:23),11月21日
证券市场监管的宽与严,(11月21日 00:23),11月21日
华讯投资：外围市场阴霾再袭 指数借机回踩卸下负重,(11月20日 16:39),11月20日
股指调整支撑目标位曝光 后市留意三大板块投资机会,(11月20日 16:37),11月20日
源达：外盘重挫市场回调 A股反弹不会一蹴而就,(11月20日 16:33),11月20日
付立春:理解科创板的定位 是扩大金融全面开放的桥梁,(11月20日 15:55),11月20日
十大博客看后市：趋势不变箱体整理再上攻,(11月20日 15:16),11月20日
德龙密语：下一步市场行情如何演绎？,(11月20日 13:16),11月20日
午后名博看市：高潮退却谨防短期头部出现,(11月20日 11:22),11月20日
应鼓励龙头ETF基金多样化发展 更好地服务投资者,(11月20日 07:47),11月20日
什么样的企业能上科创板？企业建议淡化财务指标限制,(11月20日 06:00),11月20日
多家基金公司认为：A股将继续超跌反弹,(11月20日 02:32),11月20日
完善股份回购制度 稳定资本市场,(11月20日 02:30),11月20日
证券时报头版评论：商誉有好坏 业绩不能靠承诺,(11月20日 02:30),11月20日
评论：完善退市制度是股市改革的重要内容,(11月20日 01:50),11月20日
杨涛：科创板将推动卖方研究迎来黄金时代,(11月20日 01:23),11月20日
纾困民企为支持长期资金入市赋予新内涵,(11月20日 00:29),11月20日
企业要打造“百年老店” 加强伦理建设是不二选择,(11月20日 00:06),11月20日
史上最严退市新规出台 投资者保护“短板”需补上,(11月20日 00:06),11月20日
十大博客看后市：2700点是防守还是进攻？,(11月19日 15:25),11月19日
“科创板第一股”大猜想：新三板企业潜力巨大,(11月19日 13:35),11月19日
午后名博看市：权重发力蓄势后有望站上2700,(11月19日 11:33),11月19日
玩火自焚 *ST长生遭遇强制退市是给投机炒作者的教训,(11月19日 07:49),11月19日
郭施亮:长航油运获准重新上市将会给A股带来什么影响,(11月19日 04:22),11月19日
皮海洲：科创板不只是A股市场的“试验田”,(11月19日 04:22),11月19日
证券日报：A股退市制度实现“主动+被动”全覆盖,(11月19日 01:20),11月19日
评论：退市新规将成A股市场一剂猛药,(11月19日 01:20),11月19日
退市制度改革蹄疾步稳夯实资本市场基础,(11月19日 01:11),11月19日
主要源于政策的扶持 大股东纷纷解质押有利后市,(11月19日 00:04),11月19日
A股上空的“利剑”落地 谁将首个踩雷最严强制退市令,(11月19日 00:04),11月19日
钱军：解决质押股权问题应采取不同的定价模式,(11月18日 19:10),11月18日
下周影响市场重要资讯前瞻,(11月18日 16:23),11月18日
评论：重组不停牌要求上市公司信披更科学及时,(11月17日 03:31),11月17日
证券时报头版：严防过度逐利 规范学前教育发展,(11月17日 03:31),11月17日
科创板标志着中国资本市场迎来更加市场化的时代,(11月17日 02:00),11月17日
水皮：IPO可遇不可求 中国人保带来什么机会？,(11月17日 01:49),11月17日
十大博客看后市：下周重点关注这两点内容,(11月16日 15:24),11月16日
午后名博看市：创投持续爆发指数午后完成突破,(11月16日 11:31),11月16日
晶苏传媒首席分析师：市场主体的退路也要畅通,(11月16日 06:37),11月16日
证券时报：别把创投概念这部好经给念歪了,(11月16日 02:45),11月16日
蔡恩泽：加快推进退出制度改革 让市场主体更有活力,(11月16日 02:30),11月16日
盘和林：科创板即将“上线” 并非纳斯达克复制品,(11月16日 02:30),11月16日
中原证券邓淑斌：三方面制度设计保障科创板流动性,(11月16日 02:15),11月16日
高送转的炒作套路 属于投资者之间的零和游戏,(11月16日 00:29),11月16日
科创板即将“上线” 并非纳斯达克复制品,(11月16日 00:07),11月16日
李大霄：中国银行成立理财子公司 对股市有正面影响,(11月15日 18:05),11月15日
十大博客看后市：次新股风口将助创板前行,(11月15日 15:47),11月15日
李扬：资本市场沦为扶贫工具 没有发挥资源配置功能,(11月15日 10:52),11月15日
恒立实业、*ST长生等被监控 游资炒作妖股无通行证,(11月15日 08:20),11月15日
超出想象：科创板进展首次公布 还有更多信息,(11月15日 07:35),11月15日
申万宏源首席经济学家：科创板制度要体现六个衔接,(11月15日 06:35),11月15日
让市场决定“壳”股定价 放宽重组不等于支持炒作,(11月15日 03:50),11月15日
发展衍生品中国股市才会走向成熟,(11月15日 02:41),11月15日
曹中铭：恒立实业等被监控游资炒作妖股无通行证,(11月15日 02:30),11月15日
皮海洲：妖股炒作不可持续 投资者赚快钱风险自担,(11月15日 02:30),11月15日
基金经理科创板愿景：期盼良币驱除劣币,(11月15日 01:20),11月15日
股价严重背离公司基本面 多只妖股“高台跳水”,(11月15日 00:20),11月15日
将对上市公司内在价值构成支撑 国际原油下跌利好A股,(11月15日 00:20),11月15日
“妖股”炒作不可持续 投资者“赚快钱”风险自担,(11月15日 00:08),11月15日
买了暴涨的垃圾股别高兴太早 证监会已经盯上你了,(11月14日 20:10),11月14日
十大博客看后市：权重板块集体调整反弹结束了吗,(11月14日 15:10),11月14日
德龙密语：低价股为何持续上涨？,(11月14日 14:55),11月14日
海通证券：传媒板块部分公司估值已处历史底部区间,(11月14日 14:41),11月14日
杨德龙：如何看待当前反复震荡走势,(11月14日 14:17),11月14日
梁红：A股的制度缺陷已成为多项改革的瓶颈 急需突破,(11月14日 12:13),11月14日
莫让企业纾困刮起炒作风 将普通投资者变成接盘侠,(11月14日 09:37),11月14日
国泰君安：已经撤离的外资重新入场意味着什么？,(11月14日 08:48),11月14日
270家小市值公司消失 这一幕上一次发生在2014牛市前,(11月14日 07:55),11月14日
经济日报：无需过度担心短期“壳”股涨跌,(11月14日 07:10),11月14日
资深经济研究者熊锦秋：让更多回购情形享受政策优惠,(11月14日 06:37),11月14日
经济日报:市场最害怕的不是壳股涨跌 是规则频繁改变,(11月14日 06:36),11月14日
证券时报头版：莫让企业纾困刮起炒作风,(11月14日 06:24),11月14日
十年大数据观测停牌A股 1280只股票超长待机,(11月14日 03:30),11月14日
王建宙：推动并购重组提高上市公司质量,(11月14日 03:04),11月14日
李大霄：积极因素叠加支撑A股稳中向好,(11月14日 02:00),11月14日
岑赛铟：上市公司要高质量的发展离不开两条路径,(11月14日 01:12),11月14日
新规发威 国际实业等多股重组不停牌,(11月14日 00:56),11月14日
杨德龙：A股走势相对独立 美股大跌不改大盘反弹,(11月14日 00:54),11月14日
证券日报：新规奏效重组不停牌成A股新气象,(11月14日 00:54),11月14日
复旦大学钱军：可转换债或可解决民企融资问题,(11月13日 23:59),11月13日
低价股上演逼空行情 私募人士：不如持有一种风格,(11月13日 23:59),11月13日
李杨：把资本市场当成政策工具 和唯GDP论异曲同工,(11月13日 14:34),11月13日
李迅雷:大市值股票估值水平已非常合理 非常值得投资,(11月13日 14:09),11月13日
黄孟复:A股完全脱离了中国经济发展基本面（全文）,(11月13日 12:00),11月13日
创投概念股暴涨 弘业股份股价接近翻倍,(11月13日 11:44),11月13日
黄孟复:中国股市被低估因自己看不起自己 逃跑快得很,(11月13日 11:40),11月13日
李扬：资本市场被赋予太多功能 成了扶贫手段,(11月13日 11:00),11月13日
黄孟复：我国股市完全脱离了经济发展基本面,(11月13日 10:42),11月13日
赚钱效应回归游资买买 这次反弹不一样已有七大变化,(11月13日 09:36),11月13日
中金公司：预计明年恒生国企指数存在11%的上行空间,(11月13日 09:01),11月13日
30万卖单就被警告 A股交易监管的变与辩,(11月13日 08:41),11月13日
三部委“力挺”股份回购 A股迎周一开门红,(11月13日 08:26),11月13日
经济日报：利好因素在加强 股市不仅会走稳还会走好,(11月13日 07:56),11月13日
百股涨停再现 是加速还是转折？,(11月13日 07:45),11月13日
证券日报：A股又到捡便宜的时候了,(11月13日 03:19),11月13日
周俊生：“仙股”退市且慢快意叫好,(11月13日 02:30),11月13日
中国证券报：股份回购助力“错杀”公司价值回归,(11月13日 00:29),11月13日
一天4家公司实控人拟生变 A股上市公司扎堆易主,(11月13日 00:12),11月13日
可能会伤害到中小投资者利益 仙股退市且慢快意叫好,(11月13日 00:06),11月13日
皮海洲：中弘股份会成为绝版的“1元”退市股吗？,(11月12日 18:03),11月12日
德龙密语：如何看待当前反复震荡走势？,(11月12日 15:11),11月12日
十大博客看后市：大盘短线多方还有机会,(11月12日 15:03),11月12日
*ST长生连续3涨停 ST板块获爆炒,(11月12日 14:38),11月12日
皮海洲：科创板能否成为中国的“纳斯达克板”,(11月12日 09:15),11月12日
李大霄：巨大财富转移正在发生 A股超级底将温柔呈现,(11月12日 09:14),11月12日
四大私募看盘：市场的情绪颇为纠结 关注个股的机会,(11月12日 08:31),11月12日
谭浩俊：设立科创板并试点注册制是哪些企业的机会,(11月12日 08:28),11月12日
又有上市公司加入抄底大军 部分公司对投资依赖高,(11月12日 07:24),11月12日
专家:股份回购等同于分红 有利于投资者坚定价值投资,(11月12日 04:12),11月12日
股权激励和员工持股计划将激活回购,(11月12日 04:12),11月12日
小微企业股权融资工具如何真正落地,(11月12日 04:12),11月12日
华安基金陆秋渊：当前正是价值投资最好的时代,(11月12日 02:30),11月12日
皮海洲：上市公司再融资“松绑”有所为有所不为,(11月12日 02:30),11月12日
杨德龙：机构资金不会无缘无故地大量流入,(11月12日 02:05),11月12日
诺德基金：设立科创板对资管机构提出了全新要求,(11月12日 02:05),11月12日
华安沪港深机会基金经理陆秋渊：静待价值之花绽放,(11月12日 02:05),11月12日
魏敏：多管齐下 为科创板和注册制铺路,(11月12日 01:54),11月12日
白海峰：长期来看A股有望走出市场底,(11月12日 01:39),11月12日
应让更多回购情形享受政策优惠,(11月12日 01:04),11月12日
中证报头版评论:深化双向混改 建立国资有效退出机制,(11月12日 01:02),11月12日
李迅雷：投资要抓大放小 一个观察者与思考者的妙趣,(11月12日 01:00),11月12日
以回购享受政策优惠 上市公司应创造乐观基本面,(11月12日 00:37),11月12日
上市公司再融资“松绑” 有所为有所不为,(11月12日 00:37),11月12日
A股商誉首破1.4万亿元 警惕高商誉个股“爆雷”风险,(11月12日 00:26),11月12日
申万宏源钱启敏：从关注政策面转向关注基本面,(11月12日 00:09),11月12日
首席经济学家的2018：拥抱慢牛最后发现怀里抱着头熊,(11月11日 16:52),11月11日
下周影响市场重要资讯前瞻,(11月11日 15:04),11月11日
杨德龙：如何应对当前市场震荡？,(11月10日 14:08),11月10日
中国经营报刊文：取消证券交易印花税的建议并不恰当,(11月10日 10:05),11月10日
水皮:注册制是新轮牛市起点 实施之日是行情启动之时,(11月10日 08:09),11月10日
苏培科:“科创板+注册制”有助于提振多层次资本市场,(11月10日 07:58),11月10日
没有触及核心的再融资修正和满是突破点的回购新规,(11月10日 07:28),11月10日
黄湘源：科创板注册制改革将影响A股投资行为,(11月10日 02:08),11月10日
专家：退市常态化利于价值投资,(11月10日 01:29),11月10日
证券日报：证监系统倾听民意 催动市场制度建设提速,(11月10日 01:29),11月10日
金学伟：市场归根到底就是个能量问题,(11月10日 00:45),11月10日
桂浩明:不搞注册制 科创板不具备顺利推出的现实可能,(11月10日 00:11),11月10日
闻韶：停牌不再是上市公司大股东“私器”,(11月10日 00:11),11月10日
陈嘉禾：投资要以史为鉴 不要刻舟求剑,(11月10日 00:11),11月10日
付建利：实物偿债之风不可长,(11月10日 00:11),11月10日
宋清辉：科创板培育下一个腾讯只是时间问题,(11月10日 00:11),11月10日
"证券时报：避免民企融资从""一刀切""走向""一拥而上""",(11月10日 00:11),11月10日
董少鹏：让科创板助力股市高质量发展,(11月09日 16:01),11月09日
十大博客看后市：大盘五连阴暗藏重要危险信号,(11月09日 15:22),11月09日
中国股市的困局与出路：上市公司盈利能力太弱,(11月09日 10:01),11月09日
董少鹏：设科创板与9年前设立创业板背景有很大不同,(11月09日 08:20),11月09日
海通荀玉根：A股美股冰火两重天 原因几何？,(11月09日 07:17),11月09日
申万宏源首席市场专家：给长期停牌打上休止符,(11月09日 06:50),11月09日
刘士余：首席经济学家要为引导市场预期贡献力量,(11月09日 06:43),11月09日
证券日报头版:保护投资者合法权益 关乎股市健康发展,(11月09日 03:53),11月09日
刘士余：首席经济学家要为引导市场预期贡献积极力量,(11月09日 02:10),11月09日
首只面值退市股诞生 多管齐下破解退市难困局,(11月09日 01:20),11月09日
金百临:流动性持续改善夯实市场基础 积极效应渐体现,(11月09日 00:36),11月09日
不排除是非法交易平台 警惕违规个股期权骗局,(11月09日 00:01),11月09日
李大霄：在各路资金的簇拥下 市场已发生质变,(11月08日 15:51),11月08日
十大博客看后市：连阴洗盘后必有强攻,(11月08日 15:20),11月08日
长江策略:短期或有博弈性机会 坚定推荐大金融为底仓,(11月08日 14:43),11月08日
德龙密语：如何应对当前市场震荡？,(11月08日 14:03),11月08日
李大霄：十月进出口数据远超预期 有利于股市回暖,(11月08日 11:20),11月08日
李大霄：A股回归基本面 积极股市政策将发挥主导作用,(11月08日 09:51),11月08日
华林证券投顾策略：围绕科创板块深挖 关注轮动机会,(11月08日 09:20),11月08日
A股提高MSCI纳入权重获加分项 新规更接近国际惯例,(11月08日 08:10),11月08日
曾在贵州茅台上赚过30倍的私募大佬 如今又语出惊人,(11月08日 07:17),11月08日
评论：退市如果不改革 脓包继续长大还是会痛的,(11月08日 07:01),11月08日
MSCI亚太研究部主管:认为停复牌新规更接近国际惯例,(11月08日 06:48),11月08日
纾困专项规模已超2000亿 3保险专项产品目标580亿,(11月08日 03:35),11月08日
险资连续50个季度 持仓金融行业市值第一,(11月08日 03:34),11月08日
证券日报头版:让科创板成为股市高质量发展领先板块,(11月08日 03:34),11月08日
大盘进入了短暂的休整期 A股已到调仓换股期,(11月08日 00:00),11月08日
十大博客看后市：变盘之后还要防止什么,(11月07日 15:22),11月07日
李大霄：停复牌制度对保护投资者利益有重要作用,(11月07日 10:59),11月07日
郭施亮：科创板来了 中国纳斯达克距离真的那么近吗,(11月07日 08:12),11月07日
上证报：资本市场新一轮改革号角已经吹响,(11月07日 07:42),11月07日
评论：设立科创板以增量改革助推科技企业跃升,(11月07日 07:00),11月07日
弘毅投资董事长：设立科创板鼓舞投资机构支持新经济,(11月07日 06:49),11月07日
建立巨额赔偿制度 为打好“保胃战”添筹码,(11月07日 03:04),11月07日
华鑫证券傅子恒：科创板落地需夯实准入等制度基础,(11月07日 02:16),11月07日
长城资产周礼耀：不良资产市场迎来新发展,(11月07日 02:16),11月07日
黄剑辉：多举措防止基建“大水漫灌”,(11月07日 02:14),11月07日
科创板+注册制：有望增加创投退出渠道,(11月07日 01:41),11月07日
评论：开设科创板试点注册制 是中国股市实质性利好,(11月07日 01:28),11月07日
“兜底定增”现身A股 定向可转债破局并购重组市场,(11月07日 01:11),11月07日
解禁时定增股东拼命找代持 定增承诺兜底存两大隐忧,(11月07日 01:11),11月07日
经济参考报：设立科创板将为新经济注入暖流,(11月07日 00:32),11月07日
科创板是科技股试金石 将加速科技创新型企业上市,(11月07日 00:01),11月07日
十大博客看后市：多空开始进入转换阶段,(11月06日 15:44),11月06日
80后执掌千亿国企燃爆西安 国企围城下民企如何提速,(11月06日 15:31),11月06日
易宪容：科创板的注册制将让股市市场化迈开一大步,(11月06日 14:39),11月06日
王宏远：看好基于注册制和国际化退市标准的长牛行情,(11月06日 13:43),11月06日
创投和上海本地股迎停潮 机构称反弹一波三折是常态,(11月06日 11:38),11月06日
德龙密语：本轮行情能走多远？,(11月06日 11:24),11月06日
中信证券秦培景：不用把创业板和科创板对立起来,(11月06日 08:42),11月06日
郭施亮：长航油运成重上市首股 踩雷退市股不都幸运,(11月06日 08:23),11月06日
科创板来了：创新企业筛选或跳出传统评价体系,(11月06日 08:17),11月06日
“试验田” 意义重大 证券业首席经济学家描绘科创板,(11月06日 07:35),11月06日
专家认为科创板料重点服务新经济中小企业,(11月06日 06:49),11月06日
分析人士：长油重新上市可喜 但第二家难找,(11月06日 06:36),11月06日
分析师：别把眼光只盯在印花税的税率上,(11月06日 06:36),11月06日
创投圈难掩兴奋：设立科创板是大改革大方向大趋势,(11月06日 06:35),11月06日
长生“退”长油“返” 退市制度改革再进一程,(11月06日 05:09),11月06日
星石投资：A股在加速去伪存真,(11月06日 01:00),11月06日
不断完善资本市场基础制度 A股迎来科创板,(11月06日 00:16),11月06日
爆炒之后都会归于理性 从三六零看重组股的炒作风险,(11月06日 00:16),11月06日
十大博客看后市：大盘一波三折暗示洗盘即将结束,(11月05日 15:13),11月05日
业内人士：科创板将促使部分高估值企业回归合理价值,(11月05日 14:55),11月05日
广发证券郭磊:跳开股市一时得失 科创版是一步对的棋,(11月05日 14:23),11月05日
科创板注册制将推出 基金：转板条件或苛刻 增量有限,(11月05日 14:15),11月05日
北京大学刘俏：引入注册制有利于培育优质上市公司,(11月05日 14:14),11月05日
评论：科创板有望激活一级市场 形成正循环,(11月05日 13:45),11月05日
市场热议科创板注册制：战略新兴板2.0来袭？,(11月05日 13:32),11月05日
李迅雷：通过科创板试点注册制是最好的选择,(11月05日 13:27),11月05日
邵宇：注册制试点为中小微企业获得支持提供全新通道,(11月05日 13:24),11月05日
上交所将设科创板并试点注册制 机构:让监管回归本质,(11月05日 13:08),11月05日
十大分析师解读设立科创板：真正的中国版纳斯达克？,(11月05日 12:47),11月05日
联讯证券首席策略师朱俊春：科创板设立有三大意义,(11月05日 12:45),11月05日
中阅资本孙建波：科创板有利于创企直接对接资本市场,(11月05日 12:44),11月05日
国金证券李立峰：“垃圾股、壳公司”炒作价值终结,(11月05日 12:42),11月05日
机构人士：推出科创板注册制为创投机构引入退出渠道,(11月05日 12:42),11月05日
财经评论员皮海洲:试点注册制 修法工作还须尽快跟上,(11月05日 12:40),11月05日
财经评论员江瀚：设科创板将减少中国市场壳资源炒作,(11月05日 12:38),11月05日
董登新：设科创板试点注册制将助推上交所国际化进程,(11月05日 12:33),11月05日
付立春：科创板设立很有必要 可弥补创板和三板缺陷,(11月05日 12:21),11月05日
李大霄：科创板推出 对多层次资本市场建设意义重大,(11月05日 11:25),11月05日
李大霄：博览会对贸易平衡有重大作用 利于股市回暖,(11月05日 10:34),11月05日
国盛证券：政策助暖冬行情修复 关注次新股投资机会,(11月05日 09:03),11月05日
评论:IPO节奏打破 比暂停IPO更重要的是压缩募资规模,(11月05日 08:17),11月05日
渤海银行王子芃：股市反弹或有压制“债牛”步子放缓,(11月05日 08:13),11月05日
让市场发挥自我监管能力 并不是放松监管不要监管,(11月05日 07:57),11月05日
李迅雷：如何应对被动去杠杆带来的潜在风险,(11月05日 06:59),11月05日
退市股重新上市首单面世 有利于保护其投资者利益,(11月05日 02:30),11月05日
优化交易监管 核心是要转到“依法监管”,(11月05日 02:30),11月05日
中证报头版:资金面年终考应无虞 一季度再次降准可期,(11月05日 02:00),11月05日
东吴证券孙玮：政策密集释放 增量资金加速进场,(11月05日 01:20),11月05日
上投摩根核心精选李博：进博会激发经济新动力,(11月05日 01:19),11月05日
长航油运重新上市 资本市场制度预期更明朗,(11月05日 01:12),11月05日
多重利好推动下 易方达创业板ETF规模破200亿创新高,(11月05日 00:33),11月05日
中邮基金：震荡市何处觅良机 找便宜才是硬道理,(11月05日 00:33),11月05日
下周影响市场重要资讯前瞻,(11月04日 14:52),11月04日
投资专家：现在买A股赔率5:1 向上50%VS向下最多10%,(11月04日 13:24),11月04日
评论：“国家队”离场也可能是利好,(11月04日 10:11),11月04日
评论：如不能取消证券印花税 也应实质性的降低标准,(11月04日 10:11),11月04日
回炉烧饼也脆：首例退市股重新上市具风向标意义,(11月04日 08:23),11月04日
A股大涨创板飙升 政策利好或助推中期反弹趋势开启,(11月02日 23:26),11月02日
十大博客看后市：下周回踩才是低吸机会,(11月02日 15:26),11月02日
评论：定向可转债对并购重组意义何在？,(11月02日 11:44),11月02日
利好不断助A股收复失地 机构强调“政策底”已夯实,(11月02日 11:38),11月02日
评论：印花税立法兼顾税收法定与相机调控,(11月02日 02:51),11月02日
中证报：证券交易印花税相机调控有利股市健康发展,(11月02日 02:18),11月02日
上市公司回购AB面： 有钱、有动力两难全,(11月02日 02:07),11月02日
专家：资本市场改革已成国家层面统一行动的综合工程,(11月02日 02:07),11月02日
证券日报评论：补短板成经济政策主要着力点,(11月02日 00:56),11月02日
安青松：“四个大小”制约市场发展,(11月02日 00:56),11月02日
A股身处改革发展大时代 五位一体方能激发市场活力,(11月02日 00:56),11月02日
股价与转股价之间的差距缩小 可转债迎布局好时机,(11月02日 00:47),11月02日
专家：资本市场一定会迎来大发展的春天,(11月02日 00:41),11月02日
政策“红包雨”十余条 11月股市开门红,(11月02日 00:16),11月02日
上投摩根：第四季度通胀不会成为A股核心矛盾,(11月01日 18:23),11月01日
十大博客看后市：两因素阻碍大盘行情发展,(11月01日 15:42),11月01日
德龙密语：大级别行情何时到来？,(11月01日 13:16),11月01日
吴晓求:不要把市场波动看成简单的周期 监管尚不成熟,(11月01日 12:58),11月01日
任泽平解读10月政治局会议和PMI数据:春天还会远吗？,(11月01日 12:12),11月01日
评论：茅台股价暴跌 索罗斯战胜巴菲特？,(11月01日 10:48),11月01日
别了，A股监管的“父爱主义”,(11月01日 10:39),11月01日
ST股保壳倒计时：13股或摘帽 14股将踩退市红线,(11月01日 07:00),11月01日
评论：回购新规下员工持股计划被寄厚望,(11月01日 06:35),11月01日
评论：越早回购提振投资信心效果越好,(11月01日 06:33),11月01日
证券日报评论：破解民企融资难题需建立长效机制,(11月01日 04:35),11月01日
平安千亿元回购预案提振信心 更多效仿或促市场回升,(11月01日 04:35),11月01日
A股市场底基本探明 更需“风物长宜放眼量”,(11月01日 04:34),11月01日
创业板：让资本活水灌溉双创企业未来,(11月01日 02:10),11月01日
上市公司股份回购行为需进一步规范,(11月01日 02:10),11月01日
财报遭“反对”渐多 公司治理亟待完善,(11月01日 00:58),11月01日
九年募资超七千亿 创业板融资能力显著提升,(11月01日 00:58),11月01日
这是底部特征之一 股指期货升水交易释放积极信号,(11月01日 00:06),11月01日
4只百元股业绩明显分化 “准百元股”出现断档,(11月01日 00:06),11月01日
十大博客看后市：突破2600点暗藏重磅积极信号,(10月31日 16:17),10月31日
湖南公安破获一起“炒股群”诈骗案 87人被刑拘,(10月31日 15:49),10月31日
凯石基金陈继武：A股调整已比较充分 重点布局龙头股,(10月31日 09:41),10月31日
A股史上绝无仅有 创业板指月线七连阴,(10月31日 09:07),10月31日
经济日报:外资撤离论以偏概全 中国仍是吸引外资热土,(10月31日 07:21),10月31日
股份回购要实锤 “奇葩”公告要管好,(10月31日 05:39),10月31日
专家：股权质押风险整体可控,(10月31日 05:39),10月31日
提振市场信心 需要参与各方共同努力,(10月31日 05:39),10月31日
证监会声明：减少对交易环节不必要干预,(10月31日 05:30),10月31日
中国平安最高千亿回购 公司回购股份不应再回到市场,(10月31日 04:18),10月31日
杨成长：抓住病根 多举措缓解民企发展阵痛,(10月31日 02:36),10月31日
王兆星：对我国资本市场充满信心,(10月31日 01:43),10月31日
创业板在资本市场走过九周年 逾六成个股上涨,(10月31日 00:52),10月31日
中国平安千亿回购标杆效应 利于蓝筹股走上慢牛之路,(10月31日 00:52),10月31日
修法触发上市公司回购潮 真金白银入市提振市场信心,(10月31日 00:51),10月31日
证监会盘中提减少干预交易 股指应声翻红,(10月31日 00:03),10月31日
贵州茅台今天再蒸发315亿 A股：我“戒酒了”,(10月30日 20:10),10月30日
经济日报：证监会230字声明绝对不是“不管了”,(10月30日 19:44),10月30日
证监会三条声明刷屏 评论：监管的在位、越位与归位,(10月30日 17:55),10月30日
巴菲特致股东的信之1968：偶然中的必然,(10月30日 17:48),10月30日
德龙密语：白马股杀跌空间有多大？,(10月30日 15:33),10月30日
十大博客看后市：大盘短期呈现三大积极现象,(10月30日 15:23),10月30日
金融券商股盘中发力 三季报是行情分化催化剂,(10月30日 11:46),10月30日
茅台“铁粉”但斌跌停后发声:没谈茅台 只谈价值投资,(10月30日 07:35),10月30日
媒体：只盯着资本市场直接融资功能 说明你“out”了,(10月30日 05:53),10月30日
证券时报：玫瑰再艳也会打蔫 茅台虽好也有周期,(10月30日 05:41),10月30日
中国证券报：完善基本制度 发挥资本市场枢纽功能,(10月30日 04:06),10月30日
中证报评论：纾困专项债是及时雨也是鞭策,(10月30日 03:54),10月30日
贵州茅台跌停引发投资圈热议 私募：再跌就补仓买入,(10月30日 00:41),10月30日
董宝珍：茅台基本面没问题 变的只是“肾上腺”,(10月30日 00:12),10月30日
新规落地后A股涌起回购热潮 多公司调整预案增加规模,(10月30日 00:05),10月30日
贵州茅台罕见“一”字跌停 白马股假摔还是真调整,(10月30日 00:05),10月30日
中证网：不宜夸大银行资本补充对股市影响,(10月29日 23:32),10月29日
8毛钱改变一个产品的命运 买理财“分红条款”要看清,(10月29日 22:20),10月29日
“股神、讲师团长”金华受审 河北邮币卡诈骗案开庭,(10月29日 18:55),10月29日
借鸡生蛋的艺术：应付账款科目解析,(10月29日 17:49),10月29日
上市公司炒股巨亏 不务正业理当被监管,(10月29日 17:35),10月29日
十大博客看后市：资金向新主线有序切换,(10月29日 15:24),10月29日
湖北银行制作的基金宣传材料未合规检查 被责令改正,(10月29日 13:33),10月29日
中泰证券：理性看待白酒行业增速回落,(10月29日 11:09),10月29日
贵州茅台的增长在4到5年前都定好了,(10月29日 10:21),10月29日
皮海洲：贵州茅台何以大跌 不妨让白酒股全部退市,(10月29日 09:49),10月29日
华泰证券给茅台净利暴跌找理由：目标价652元,(10月29日 09:44),10月29日
私募：市场有望逐渐走出估值修复行情,(10月29日 09:25),10月29日
杜坤维：降印花救市历史证明无效 不治本乃激素疗法,(10月29日 09:01),10月29日
郭施亮：回购助推美股长牛 A股回购潮影响多大？,(10月29日 08:45),10月29日
半夏投资李蓓：茅台的业绩雷和一个时代的结束,(10月29日 08:00),10月29日
皮海洲：让股份回购成为维护上市公司股价的稳定器,(10月29日 07:59),10月29日
中银基金李建：大金融板块有望获得超额收益,(10月29日 07:05),10月29日
基金经理看市：难言市场触底 四季度配置更加谨慎,(10月29日 04:01),10月29日
中上协：强化上市公司财务管理和信披质量,(10月29日 04:00),10月29日
上市公司回购热情高 业内提醒谨防“忽悠式”回购,(10月29日 04:00),10月29日
董理：A股最悲观时段已经结束,(10月29日 03:15),10月29日
维护股市“三公”最为关键 让“市场底”筑得更牢,(10月29日 02:30),10月29日
完善上市公司股份回购行为 需要推出配套专项制度,(10月29日 02:30),10月29日
交易所惩罚性违约金或可用于补偿投资者,(10月29日 02:05),10月29日
不仅能帮危机公司解困 国资驰援上市公司一举多得,(10月29日 00:02),10月29日
A股今年与2015年的同与不同：投资者伤得比2015年重,(10月28日 18:39),10月28日
曹中铭：对操纵市场的“惯犯”理应刑法伺候,(10月28日 17:16),10月28日
下周影响市场重要资讯前瞻,(10月28日 15:01),10月28日
李大霄：回购制度筑牢A股儿童底 市场稳定可期待,(10月27日 10:04),10月27日
吴可仲：汉能回A之路备受关注 A股亟须优质企业回归,(10月27日 04:52),10月27日
黄志龙：为何宽货币难以达到信用扩张的效果,(10月27日 04:00),10月27日
夏丹 ：房地产市场预期正悄然生变,(10月27日 04:00),10月27日
付建利：本轮反弹的逻辑演进与机会把握,(10月27日 02:53),10月27日
程喻：用平常心期待A股反弹,(10月27日 02:53),10月27日
证券时报评论：A股任何级别的反弹都在情理之中,(10月27日 02:53),10月27日
宋清辉：A股也曾领涨全球 行情修复尚待时日,(10月27日 02:51),10月27日
闻韶：为何波动率的钱越来越难挣,(10月27日 02:51),10月27日
证券时报：莫把“高科技”当成拿补贴的借口,(10月27日 02:51),10月27日
王军：着力扭转当前稳中有忧的经济局面,(10月27日 00:37),10月27日
新华社：公司法修改 股份回购制度“升级”,(10月26日 22:06),10月26日
国家频频出手 股市迎来春天？,(10月26日 20:15),10月26日
十大博客看后市：大盘探底风险还没有解除,(10月26日 15:05),10月26日
李大霄：A股摆脱跟跌不跟涨 金融地产两牛角启动迹象,(10月26日 10:20),10月26日
摩根大通：A股下跌带来大量机会 逢低吸纳优质科技股,(10月26日 09:00),10月26日
桂浩明：好了伤疤别忘疼 质押规则要完善,(10月26日 07:05),10月26日
投保白皮书:上市公司分红更趋制度化 业绩预告更准了,(10月26日 07:05),10月26日
证券日报：民营企业做大做强 离不开资本市场,(10月26日 06:00),10月26日
证券日报：经济改革与股市解困都需要混改提速,(10月26日 06:00),10月26日
证券时报：纠偏悲观预期 A股应回归独立运行格局,(10月26日 04:41),10月26日
桥水基金：欧美经济周期近尾声 应将目光投向亚洲,(10月26日 03:48),10月26日
中证报：权重发力 A股渐摆脱“跟跌不跟涨”,(10月26日 03:33),10月26日
华融证券:供给侧改革下半场 房地产投资短期仍具韧性,(10月25日 22:53),10月25日
刘胜军：中国应宣布永久性取消印花税,(10月25日 20:10),10月25日
十大博客看后市：A股逆袭背后有何深意,(10月25日 15:18),10月25日
但斌：焦虑中寻找中国的破局 A股低估值面临投资良机,(10月25日 14:04),10月25日
任泽平评美股暴跌:特朗普景气或终结 美国经济或见顶,(10月25日 08:37),10月25日
光大控股杨平：外资不断提高A股投资比重是必然趋势,(10月25日 06:24),10月25日
证券日报：提振A股信心 各方落实力度可以更大一点,(10月25日 06:24),10月25日
证券时报头版：建议为亏损投资者减免股票交易印花税,(10月25日 03:50),10月25日
维稳不同于救市 A股维稳背景下应该如何投资？,(10月25日 02:30),10月25日
化解质押风险 民企也要强化自我约束,(10月25日 02:30),10月25日
专家：加强A股制度建设 吸引长期资金入市,(10月25日 01:56),10月25日
“仙股”退市或更频繁 投资者保护是关键,(10月25日 00:06),10月25日
更多只是超跌反弹下的投机 壳股炒作行情走不远,(10月25日 00:01),10月25日
德龙密语：大盘是否已经探底成功？,(10月24日 16:00),10月24日
十大博客看后市：反弹力度还可再大一点,(10月24日 15:48),10月24日
天风证券：两融数据看市场情绪与杠杆后遗症,(10月24日 13:17),10月24日
评论：真金白银救市是“救急” 慢性病也得治,(10月24日 07:23),10月24日
熊锦秋：强化增持计划可执行性还须更严密,(10月24日 06:35),10月24日
张锐：并购重组别光踩油门 还要把好方向盘,(10月24日 06:35),10月24日
如何理解纾解股权质押风险的金融本质,(10月24日 06:33),10月24日
中国证券报：“驰援”民营企业是双赢,(10月24日 05:20),10月24日
兴全基金：当前经济环境下的资产配置建议,(10月24日 05:09),10月24日
东方证券邵宇:疏通货币政策传导机制 促企业融资发展,(10月24日 05:09),10月24日
评论：股市振兴离不开投资者支持参与,(10月24日 04:49),10月24日
大发审委新名单猜想:谁人留任谁出局?兼职委员难连任,(10月24日 02:59),10月24日
壳股嗅到复苏味躁动两日：惜售再现 壳价或反弹,(10月24日 02:59),10月24日
A股不是提款机 上市公司业绩提升要靠做大做强主业,(10月24日 02:30),10月24日
回购可尽快实施 无需等待新规出台,(10月24日 02:30),10月24日
融资客众生相：忙拆杠杆 主动离场,(10月23日 20:51),10月23日
十大博客看后市：白马股搅局大盘还有戏吗,(10月23日 15:32),10月23日
借你一双慧眼 哪些ST公司重组意味够真够实？,(10月23日 09:02),10月23日
经济日报：股权质押风险不该由二级市场承担,(10月23日 07:49),10月23日
评论：面对股市波动 既要保持定力也要坚持改革,(10月23日 07:12),10月23日
盘和林：A股“1元退市股”首要考量投资者利益,(10月23日 05:39),10月23日
证券日报：股市改革一揽子措施有三大特点,(10月23日 04:39),10月23日
A股最坚定多头来了 手握26.53万亿元资金,(10月23日 01:46),10月23日
刘士余：鼓励私募股权与创投基金参与企业并购重组,(10月23日 01:36),10月23日
刘士余：修改公司法股份回购规定十分必要,(10月23日 01:36),10月23日
A股放量掀涨停潮 机构：或许是全年最好行情,(10月23日 01:27),10月23日
博时基金：四季度主要配置防守行业,(10月23日 01:16),10月23日
国寿安保基金：政策底夯实 看好短期反弹,(10月23日 01:16),10月23日
险资：主抓减税和质押风险缓释主线,(10月23日 01:16),10月23日
中国证券报：对地方国资“救急”行为的质疑可休矣,(10月23日 01:14),10月23日
王宏远:中国A股未来3年将走赢国际主要资本市场超50%,(10月23日 01:10),10月23日
代表市场风向标的券商股集体涨停 A股强力反弹,(10月23日 00:01),10月23日
股市百点暴涨后 券商等业内人士:看好券商和科技股,(10月22日 15:42),10月22日
十大博客看后市：大盘大涨但还有几丝隐忧,(10月22日 15:08),10月22日
决策层高度关注 市场利好云集 A股反弹空间或超预期,(10月22日 12:14),10月22日
创业板大涨5.69% 两市近150只个股涨停,(10月22日 12:12),10月22日
李大霄：救市已经成功 是反转不是反弹,(10月22日 12:02),10月22日
李大霄：中国股市春天已经到来的六大理由,(10月22日 11:09),10月22日
长城基金向威达：A股正在接近历史大底,(10月22日 06:33),10月22日
杨德龙：市场赶底行程或将大大缩短,(10月22日 06:33),10月22日
驰援A股模式 深圳为何再度开风气之先,(10月22日 06:33),10月22日
皮海洲：中弘股份成“面值退市”第一股利于净化市场,(10月22日 02:46),10月22日
评论：营造良好股市发展氛围需要各方一起努力,(10月22日 02:38),10月22日
鼓励市场化并购监管须同步跟上 防止成利益输送工具,(10月22日 02:30),10月22日
要让股市有底 上市公司经营者心里要装着中小股东,(10月22日 02:30),10月22日
西部证券：沪指围绕2500点宽幅震荡 增量资金仍谨慎,(10月22日 00:59),10月22日
招商证券：A股市场投资价值凸显 可均衡配置分散风险,(10月22日 00:58),10月22日
中证报：加快政策落地 提振市场信心,(10月22日 00:58),10月22日
公私募基金力挺A股：投资价值凸显 积极把握市场机会,(10月22日 00:58),10月22日
管理层发文支持上市公司并购重组 将利好中小盘股票,(10月22日 00:06),10月22日
不存在国进民退 A股今年13家国资上市公司欲迎民资,(10月22日 00:06),10月22日
管理层力挺 政策底悄然构筑 A股将有望迎来市场底,(10月22日 00:02),10月22日
壳股“围城”：有人买壳中“圈套”有人卖壳打两折,(10月22日 00:01),10月22日
壳市场游戏规则悄然生变：买方话语权提高,(10月22日 00:01),10月22日
叶檀：股市跌无可跌无须再怕 “春天底”快要到了,(10月21日 21:58),10月21日
社论：当前A股关键在信心修复,(10月21日 21:03),10月21日
下周影响市场重要资讯前瞻,(10月21日 15:03),10月21日
黄奇帆:深化资本市场基础性制度改革若干思考和建议,(10月21日 10:36),10月21日
董宝珍：一流的投资能力首在“克己”,(10月21日 09:50),10月21日
A股回购任重道远 细节尚需完善,(10月21日 09:50),10月21日
黄奇帆:一个市场只进不出 就是僵尸市场（演讲全文）,(10月21日 09:30),10月21日
黄奇帆:印花税现在就可取消 全世界只有中国印度在收,(10月21日 09:18),10月21日
程喻：不是所有的公司都值得被救,(10月20日 02:43),10月20日
申万宏源证券桂浩明：保持定力 理性对待市场变化,(10月20日 02:43),10月20日
闻韶：又见董事长增持“檄文”,(10月20日 02:43),10月20日
陈嘉禾：凭借价值投资降低亏损,(10月20日 02:43),10月20日
新时代证券：加大优先股发行解除股权质押风险,(10月20日 01:40),10月20日
十大博客看后市：下周大盘确认年内低点,(10月19日 15:06),10月19日
李大霄：2449点非常有可能形成政策底,(10月19日 13:50),10月19日
"一行两会负责人连续发声 监管层给市场吃下""定心丸""",(10月19日 11:20),10月19日
李大霄：一行两会在2449附近构筑政策底,(10月19日 11:04),10月19日
李大霄：六大措施属重大利好 政策底味道越来越浓,(10月19日 10:15),10月19日
德龙密语：市场企稳回升还要等多久？,(10月19日 09:16),10月19日
华泰策略：市场风险偏好下行 有色金属板块加速分化,(10月19日 08:47),10月19日
两融余额持续低于7900亿 融资客持仓：加消费减科技,(10月19日 04:06),10月19日
证券日报：QFII积极布局A股发出积极信号,(10月19日 04:06),10月19日
评论：多数据支持 股市上涨动力仍存,(10月19日 04:06),10月19日
针对深层次的问题 A股特殊时期应采取特殊举措救市,(10月19日 02:30),10月19日
弱势行情之下 年报行情布局窗口已开启,(10月19日 00:13),10月19日
中弘股份退市成定局 61只“准仙股”现身,(10月18日 13:28),10月18日
评:警惕新一轮做空中国优质公司风潮 外资已暴赚百亿,(10月18日 11:16),10月18日
皮海洲：A股该不该救市？拿什么来救市？,(10月18日 08:18),10月18日
证券时报：不管民资还是国资能化解质押风险就是好资,(10月18日 07:03),10月18日
评论：国资入市“救助”背后折射民营企业投资低效,(10月18日 06:45),10月18日
中弘股份被终止上市 是市场的理性选择,(10月18日 02:30),10月18日
道达投资手记：国足赢球美股大涨 昨天A股终于反弹了,(10月18日 01:42),10月18日
谭浩俊：中弘股份能当个退市“标兵”吗？,(10月18日 01:22),10月18日
投资总监多空之辩：A股正在磨底 高股息板块受青睐,(10月18日 01:10),10月18日
国金基金：后市难言轻易触底 但机会明显大于风险,(10月18日 01:10),10月18日
评论：多方面发力 A股市场国际化步伐加速,(10月18日 01:09),10月18日
郑眼看盘：A股探底回升 市场人气有所提振,(10月18日 00:52),10月18日
看似美丽实则暗藏投资风险 远离尾盘“秒拉”个股,(10月18日 00:03),10月18日
理由五花八门 细数重要股东增持“失诺”三大类型,(10月18日 00:02),10月18日
维护股价稳定 多家公司大股东拟兜底增持,(10月18日 00:02),10月18日
A股三大股指高开低走 救市重要 治市更重要,(10月17日 19:35),10月17日
十大博客看后市：大盘为何出现惊天逆转,(10月17日 17:39),10月17日
评论:国资数百亿资金驰援上市公司 更要落实制度利好,(10月17日 12:42),10月17日
化解A股“黑天鹅”风险 需要寻求治本之策,(10月17日 02:30),10月17日
错杀下跌只会是暂时的 银行股破净跌出“黄金坑”,(10月17日 00:00),10月17日
十大博客看后市：大盘强势反弹进入倒计时,(10月16日 16:08),10月16日
刘士余座谈会2.5小时:传递4大信号和股民的10大关切,(10月16日 08:33),10月16日
沪伦通“通车”冲刺 专家称将平滑市场周期波动,(10月16日 04:34),10月16日
“股市的春天”应该有起有落 总体稳中有升,(10月16日 02:30),10月16日
看好低估值“洋散户”积极入市,(10月16日 00:30),10月16日
低市盈率小盘股不一定安全 主要存在两个投资风险,(10月16日 00:01),10月16日
十大博客看后市：市场或将砸出罕见大机会,(10月15日 15:37),10月15日
德龙密语：不破不立 大盘能否否极泰来？,(10月15日 14:07),10月15日
刘士余周末提“春天论” Ａ股三大指数涨跌不一,(10月15日 09:51),10月15日
投资者保护基金 该怎样真正保护投资者？,(10月15日 02:30),10月15日
沪伦通或将带来新的 跨市场组合投资机会,(10月15日 01:42),10月15日
融资用途放宽 上市公司资金压力有望缓解,(10月15日 00:02),10月15日
下周影响市场重要资讯前瞻,(10月14日 14:56),10月14日
市场操纵者任良成再次被罚：3年领3.6亿罚单,(10月12日 21:51),10月12日
李迅雷：沪伦通推出的意义重大,(10月12日 19:04),10月12日
仇彦英建言中国股市:投资价值是获得投资收益的基础,(10月12日 16:08),10月12日
牛春宝建言中国股市:做假上市或财务粉饰者牢底坐穿,(10月12日 13:59),10月12日
长盛基金市场异常波动点评:对A股市场没必要过度悲观,(10月12日 13:39),10月12日
皮海洲建言中国股市：做好修法使证券法成严刑峻法,(10月12日 13:25),10月12日
A股两天蒸发4万亿提前入冬 信托收益率上涨暖意融融,(10月12日 13:11),10月12日
去年公募冠军林鹏：每一次下跌都意味着距离转机越近,(10月12日 12:49),10月12日
李大霄:十理由保护上证50儿童底 稳定市场信心最重要,(10月12日 10:37),10月12日
多家公司表态：股市持续调整 或将出手维稳,(10月12日 07:57),10月12日
桂浩明：中小市值股票活跃度在分化中会下降吗,(10月12日 06:50),10月12日
评论：抗癌药降价之后更需保障供应,(10月12日 05:56),10月12日
业内人士谈市场：专业机构在逢低投资,(10月12日 05:55),10月12日
恒生前海基金：A股估值处于历史低位,(10月12日 02:15),10月12日
机构看市：注重长线投资 期待政策实效,(10月12日 01:32),10月12日
官媒：应采取措施维稳A股 如央行对证金注入流动性等,(10月12日 00:31),10月12日
买入理由应是看好公司未来 下修转股价投资者别心动,(10月12日 00:00),10月12日
中石油等公司集体发声维稳股价 A股会“否极泰来”吗,(10月11日 23:15),10月11日
张忆东:我看到做空市场的机会 就像看到当年港股牛市,(10月11日 22:55),10月11日
曹凤岐：提高上市公司质量是振兴A股的根本出路,(10月11日 22:46),10月11日
证券时报社评：廓清迷雾恢复信心 积极作为稳定股市,(10月11日 22:27),10月11日
美股“失火”殃及A股 机构激论“底”在何处？,(10月11日 20:57),10月11日
招商基金：A股估值经过连续大幅下跌之后更具吸引力,(10月11日 20:16),10月11日
刘纪鹏：股市有自身的纠错机制,(10月11日 20:03),10月11日
全球股市滑铁卢 苏培科：A股应该走出一条独立的道路,(10月11日 19:21),10月11日
水皮杂谈：覆巢之下无完卵 全球市场或进入调整周期,(10月11日 18:25),10月11日
长江商学院周春生：A股绩优股的投资机会也许到了,(10月11日 16:56),10月11日
A股：等我病好了 再来买我吧,(10月11日 16:36),10月11日
水皮：谁动了特朗普的本钱？,(10月11日 16:35),10月11日
十大博客看后市：大盘重新进入寻底阶段,(10月11日 15:52),10月11日
董少鹏：中国股市该上涨了 还在等什么？,(10月11日 14:37),10月11日
滕泰:A股已经严重超跌 应尽快出台提振股市信心政策,(10月11日 13:29),10月11日
李大霄：大跌不是A股本身问题 应动员多方力量稳市场,(10月11日 13:03),10月11日
再融资想多拿钱？监管态度明确：请挤干“水分”,(10月11日 06:49),10月11日
金九银十降温系列(二)：戏精万科的厦门退房记,(10月11日 04:07),10月11日
证券日报：人民币汇率不存在大幅贬值空间,(10月11日 01:30),10月11日
胡润百富榜的人来人往：有故事的 是那些黯然离场者,(10月10日 21:40),10月10日
成也股市败也股市 456人跌出胡润百富榜,(10月10日 21:31),10月10日
写给股民的一封信：这是最差的时代 也是最好的时代,(10月10日 19:10),10月10日
十大博客看后市：次新股大涨透露一个信号,(10月10日 15:39),10月10日
"楼市入冬？业主打砸售楼处万科只想""活下去""",(10月10日 11:07),10月10日
李大霄：降准威力慢慢显现 活捉空头行动一触即发,(10月10日 11:03),10月10日
郭施亮：房地产市场降温 为何股市变得更“冷”？,(10月10日 10:01),10月10日
HIV体检报告出来了 从平安朱益勇事件看世态炎凉,(10月10日 09:51),10月10日
皮海洲：贾跃亭翻脸 许家印会否重踏孙宏斌的覆辙？,(10月10日 09:24),10月10日
天风徐彪：如果明年创业板纳入MSCI 外资会买什么？,(10月10日 08:52),10月10日
刘世欣：券商单一通道业务模式亟待改变,(10月10日 02:22),10月10日
评论：提振A股市场信心关键在于稳预期,(10月10日 02:21),10月10日
并购重组监管集结令:提升效率审核更严格否决率抬头,(10月10日 01:33),10月10日
北上资金3季度买卖A股名单:白马股被弃 大基建受青睐,(10月09日 21:41),10月09日
全国百强县江阴县A股公司最多 比一个省还多,(10月09日 19:49),10月09日
十大博客看后市：最迟周五大盘有望返身向上,(10月09日 15:48),10月09日
地方国资入主民企再掀高潮 能否改善公司业绩待观察,(10月09日 14:02),10月09日
A股并购市场的发展趋势和机遇:套利型交易会大幅减少,(10月09日 10:37),10月09日
对话哈维·施瓦茨 高盛视角下的金融危机十年,(10月09日 10:20),10月09日
郭施亮：A股逾百点长阴下跌 为何有如此非理性表现？,(10月09日 08:58),10月09日
德龙密语：降准能否启动“银十”行情？,(10月09日 08:49),10月09日
经济日报头版：“外资撤离论”实属危言耸听,(10月09日 07:38),10月09日
广发证券：从历史视角看光伏行业发展,(10月09日 02:30),10月09日
证券日报：新一届发审委审核风格不会变,(10月09日 02:29),10月09日
前海开源王宏远：A股市场正处于相对底部,(10月09日 02:12),10月09日
皮海洲：马斯克受罚案 值得A股市场监管借鉴,(10月09日 01:20),10月09日
广发基金：均衡配置应对市场波动 可关注保险等板块,(10月09日 01:20),10月09日
李宇嘉：金九银十褪色背后的地产趋势和转型路径,(10月09日 00:29),10月09日
券商收紧股票质押融资是好事 有利于降低市场杠杆率,(10月09日 00:09),10月09日
三大股指齐跌 A股10月首个交易日未能迎来“开门红”,(10月09日 00:09),10月09日
证监会女处长二审为脱罪 改口称与某CEO是情人关系,(10月08日 19:48),10月08日
十大博客看后市：大盘回调或是抄底良机,(10月08日 15:18),10月08日
证券日报董少鹏：降准主要目的不是“干预”股市,(10月08日 12:45),10月08日
红十月不敌外围市场寒流 节后首个交易日A股大跌3%,(10月08日 11:32),10月08日
上市公司吃相难看怎么破 治理准则有三套约束机制,(10月08日 09:59),10月08日
经参头版：及时降准锚定增长预期,(10月08日 07:33),10月08日
银行理财新规利好资本市场 理财子公司直投引遐想,(10月08日 01:51),10月08日
东吴证券孙玮：外围市场走弱不改反弹趋势,(10月08日 01:51),10月08日
证券日报：政策合力夯实A股光明论,(10月08日 00:59),10月08日
港股暴跌VS央行降准 黄金周后A股迎来“红十月”？,(10月08日 00:47),10月08日
证券时报：降准落地央行预期管理更进一步,(10月08日 00:47),10月08日
央行降准或助力A股反弹 基金经理四季度看好消费板块,(10月08日 00:12),10月08日
媒体：恒指4日跌去4.38% 市场观望情绪蔓延,(10月08日 00:02),10月08日
冷静看待外围股市下挫 A股有着更高的安全边际,(10月08日 00:00),10月08日
新华社：D股启航在即 中国资本市场国际化进程提速,(10月08日 00:00),10月08日
下周影响市场重要资讯前瞻,(10月07日 15:39),10月07日
公募传奇大佬王宏远再次公开唱多：全面加仓,(10月01日 13:34),10月01日
刘煜辉:股市是技术性熊市 要回避与补贴等相关的股票,(09月30日 13:21),09月30日
10月A股反弹行情能否持续？分析师观点存分歧,(09月30日 11:00),09月30日
巴曙松：新经济比重上升 不少产业度过初创迎来成长,(09月30日 10:42),09月30日
杨德龙:公募理财可投资基金 股市有望迎新的增量资金,(09月30日 09:20),09月30日
明星错过股市财富乃股民之万幸,(09月30日 07:20),09月30日
杨德龙：两大国际指数竞相纳入A股说明了什么？,(09月29日 13:17),09月29日
又一外资机构力挺A股 瑞银资管认为目前是较好切入点,(09月29日 13:12),09月29日
杨凯生：理财新规关于投资股票的安排是恰当的,(09月29日 10:27),09月29日
央行主管金融时报：上市公司“更名”不等于转型,(09月29日 08:17),09月29日
证监会：让资本市场“黑嘴”闭嘴,(09月29日 06:35),09月29日
专家：通胀卷土重来的担忧似乎没有充分的依据,(09月29日 03:28),09月29日
董希淼：“入富”标志着A股国际化步伐加快,(09月29日 03:28),09月29日
证券日报:投资者群体呈三特征 投保工作应各有侧重点,(09月29日 03:28),09月29日
金学伟：股市已进入合理状态 生态环境是关键,(09月29日 01:05),09月29日
重阳投资：供给收缩+需求恢复致油价上涨 后市将平稳,(09月29日 00:00),09月29日
A股迎30年来最重大改革 独角兽回归倒计时？,(09月28日 20:50),09月28日
十大博客看后市：节后走势需要注意两点,(09月28日 15:42),09月28日
余永定：股票市场可能已经见底 资本外逃有能力控制,(09月28日 12:26),09月28日
A股新动向：部分消费类上市公司只接受外资调研,(09月28日 08:47),09月28日
基金公司表示：A股“入富” 夯实反弹基础,(09月28日 07:44),09月28日
证券日报：三因素撑起A股光明论,(09月28日 04:54),09月28日
富时罗素：“入富”反映中国股市取得长足发展,(09月28日 04:54),09月28日
证券日报：八次加息会否终结美股九年牛市？,(09月28日 04:54),09月28日
APG资管首席执行官：市场波动不会影响持续投资中国,(09月28日 02:04),09月28日
评:成功入富有利于提升A股国际化水平和资源配置效率,(09月28日 00:56),09月28日
A股“入富”奈何表现低迷 10月能否迎来深跌反弹？,(09月27日 18:06),09月27日
港银全面加息楼市影响几何 为何内地加息必要性不大,(09月27日 18:05),09月27日
尹中立：当前股市的内在矛盾是杠杆资金规模过大,(09月27日 16:14),09月27日
十大博客看后市：调整不要怕 是给资金新的买点,(09月27日 15:34),09月27日
杨德龙：“金九”爽约 “银十”行情能否到来？,(09月27日 14:32),09月27日
杨德龙：美联储如期加息 对A股走势影响不大,(09月27日 07:31),09月27日
曹中铭：入富与提高MSCI权重 A股价值投资将成主流,(09月27日 02:30),09月27日
“入富”与提高MSCI权重 A股市场价值投资将成主流,(09月27日 02:12),09月27日
刘新华：需进一步全方位保护投资者合法权益,(09月27日 01:03),09月27日
业界热议持股行权 建议扩大广度与深度,(09月27日 01:03),09月27日
证券日报：A股“入富”将改变市场生态,(09月27日 01:03),09月27日
国海富兰克林基金徐成：当前市场机会大于风险,(09月27日 00:54),09月27日
王辉：提振消费 股市当有更大作为,(09月27日 00:53),09月27日
A股“入富”悬念今日揭晓 大规模增量资金可期,(09月27日 00:45),09月27日
同比暴增17倍 可转债融资升温,(09月27日 00:45),09月27日
尹中立：股市为何对商品房预售制度反应如此敏感,(09月27日 00:42),09月27日
十大博客看后市：冲高回落下的几点注意,(09月26日 15:42),09月26日
最长停牌1024天 任性停牌钉子户们冻结资金6000亿,(09月26日 14:23),09月26日
杨德龙:考虑将A股在MSCI指数中权重调高表明外资态度,(09月26日 10:26),09月26日
德龙密语：“金九”爽约 “银十”行情能否到来,(09月26日 10:25),09月26日
李大霄：明晟或再调高A股权重 低估优质蓝筹将被争抢,(09月26日 10:01),09月26日
报告隐藏两大福利 A股ESG披露指引要求最快年底推出,(09月26日 08:06),09月26日
"时报:""入富""意味国际化提速 投资者需适应开放新趋势",(09月26日 07:51),09月26日
朱邦凌：A股市场终将迎来牛市蝶变,(09月26日 06:39),09月26日
两市质押市值逼近5万亿 近12家机构已“清仓”质押,(09月26日 01:41),09月26日
“白衣骑士”反遭暗算 配资江湖险象环生,(09月26日 00:18),09月26日
没有实质利好股价却诡异上涨 谨防亚振家居式闪崩,(09月26日 00:07),09月26日
杨德龙：本周美联储加息与否有何影响？,(09月25日 17:10),09月25日
十大博客看后市：部分板块已见趋势拐点,(09月25日 15:17),09月25日
杨德龙：行业盈利向头部集中 继续关注白龙马股机会,(09月25日 13:23),09月25日
德龙密语：本周美联储加息与否有何影响？,(09月25日 10:29),09月25日
申万点评富时罗素是否纳入A股：外资配置A股新助力？,(09月25日 10:00),09月25日
三季报披露接近尾声 逾四成*ST股预亏,(09月25日 07:23),09月25日
盘和林：一周净投放6000亿 关键是投向,(09月25日 05:11),09月25日
皮海洲：新财富最佳分析师评选确有必要推倒重来,(09月25日 02:30),09月25日
评论：打击杠杆型市场操纵应攻其软肋,(09月25日 01:42),09月25日
评论：演艺圈里股事多 对操纵者要严惩,(09月25日 01:42),09月25日
证券日报：“入富”与否 不改A股国际化趋势,(09月25日 00:49),09月25日
证券日报：交易所一线监管 向着更精更专更全发展,(09月25日 00:49),09月25日
北京商报：不宜盲目追涨 把握好蓝筹股的反弹节奏,(09月25日 00:14),09月25日
金融开放有新动作 A股迎来“洋散户”,(09月24日 18:35),09月24日
兴业证券张忆东:中期警惕新兴市场危机拖累港美股,(09月22日 15:07),09月22日
应健中：A股反弹高度有多高 是小反弹还是行情反转？,(09月22日 11:11),09月22日
卖方的肉与谷：要佣金还是新财富排名？,(09月22日 10:45),09月22日
激辩房企高周转：运营能力成核心,(09月22日 07:00),09月22日
评论：国企改革应大胆创新,(09月22日 05:37),09月22日
企业更名：换汤不换药 还是旧瓶装新酒？,(09月22日 02:07),09月22日
宋清辉：破净股投资价值不能一概而论,(09月22日 02:06),09月22日
申万宏源证券桂浩明：股市还有减税空间吗？,(09月22日 02:06),09月22日
信达证券分析师陈嘉禾：分析信息比获取信息更重要,(09月22日 02:06),09月22日
证券时报：持续亏损的投资标的可以多久不计提减值,(09月22日 02:06),09月22日
证券时报：让增持回购来得更真实更猛烈,(09月22日 02:06),09月22日
"桂浩明:工业富联正面临破发风险 ""独角兽热""已降温",(09月22日 01:27),09月22日
郭施亮：美股的今天会是A股的明天吗？,(09月22日 01:25),09月22日
皮海洲：政策底未现 2644点难成市场底,(09月22日 01:24),09月22日
中国证券报：A股仍有累累硕果值得期待,(09月22日 00:56),09月22日
十大博客看后市：节后市场还有红包发放,(09月21日 15:40),09月21日
李大霄：多方吐气扬眉 蓝筹慢牛渐渐稳固,(09月21日 13:24),09月21日
机构：四季度A股或迎反弹 看好银行、计算机、军工,(09月21日 11:54),09月21日
李大霄:促消费是重大利好 带领中国核心资产步入慢牛,(09月21日 09:33),09月21日
申万宏源桂浩明：屏弃功利性思维看外资入市,(09月21日 06:33),09月21日
国信证券王剑：银行理财投资股票规模不足5000亿,(09月21日 02:54),09月21日
阎庆民：稳是深化资本市场改革开放的基础和前提,(09月21日 02:41),09月21日
中证报：价廉并非一定物美 低价股暗藏高风险,(09月21日 02:14),09月21日
杨德龙：市场估值跌到历史底部 四季度投资机会凸显,(09月21日 02:08),09月21日
需防资本借机低位布局炒壳 理性看待股权转让概念股,(09月21日 00:23),09月21日
十大博客看后市：三原因周五大盘还有震荡,(09月20日 15:10),09月20日
万家基金:四季度股市有望迎来反弹 债市或将继续震荡,(09月20日 13:28),09月20日
农银汇理：A股短期反弹或持续一两周 关注油服、军工,(09月20日 11:51),09月20日
兰波：增强条款确定性 把要约收购做实做细,(09月20日 06:35),09月20日
防控风险被置于首位 严格监管奠定A股市场蝶变基础,(09月20日 02:30),09月20日
发改委强调稳投资 两市成交额重回3000亿元,(09月20日 02:30),09月20日
梁建章：高铁游将撬动万亿级旅游消费市场,(09月20日 01:24),09月20日
刘煜辉：今年A股遭遇了“阵痛” 但一定能扛过去,(09月20日 01:24),09月20日
整体抗跌高于中小创 反弹行情重点关注低估值蓝筹股,(09月20日 00:11),09月20日
德龙密语：市场迎来趋势性反弹机会了吗？,(09月19日 16:13),09月19日
十大博客看后市：大盘还有反复的几点原因,(09月19日 15:35),09月19日
李大霄：富时罗素若纳入A股 将带来万亿增量资金,(09月19日 14:35),09月19日
基岩资本：价值投资放诸四海而皆准 看好创新药,(09月19日 13:30),09月19日
普丽盛三发起人股东欲套现离场 股民希望在哪里,(09月19日 10:19),09月19日
深交所首席风控官张兆义：深市已成创新资本形成中心,(09月19日 06:51),09月19日
"李迅雷：确定性溢价正全面回归 A股投资宜""抓大放小""",(09月19日 06:51),09月19日
上交所副总经理徐毅林：积极推动上证指数走出国门,(09月19日 06:51),09月19日
美银美林：基金经理对全球经济增速放缓担忧情绪新高,(09月19日 01:56),09月19日
李迅雷：A股估值溢价有效性正在提高,(09月19日 01:16),09月19日
管清友：A股筑底是长期过程 亟待出台一揽子改革方案,(09月18日 23:32),09月18日
李大霄：中国股市苦尽甘来 儿童底在2644点最终探明,(09月18日 17:58),09月18日
十大博客看后市：光头中阳线释放三大拉升信号,(09月18日 15:38),09月18日
李大霄：十大利好因素将对A股产生正面影响,(09月18日 13:13),09月18日
博道基金：读懂了美林时钟 你才可能穿越牛熊,(09月18日 11:10),09月18日
招商证券许荣聪:消费呈现分级的特点 升级仍是主旋律,(09月18日 10:21),09月18日
东方基金许文波：坚守底线思维 看好行业龙头公司,(09月18日 10:18),09月18日
李大霄：市场并没形成新恐慌 一强大力量将大盘救起,(09月18日 09:38),09月18日
全球金融危机十周年启示：金融业不能脱实向虚,(09月18日 08:09),09月18日
志翔科技伍海桑：未来网络安全事件会越来越多,(09月18日 00:51),09月18日
瑞银资产管理施斌：A股调整趋于结束,(09月18日 00:16),09月18日
做空力量开始“收敛” 期指贴水缩小释放积极信号,(09月18日 00:04),09月18日
泡面榨菜大卖就是消费降级？权威数据告诉你真相,(09月18日 00:02),09月18日
台风“山竹”来袭 不必高估对A股影响,(09月17日 16:49),09月17日
十大博客看后市：三大底部信号共振暗示拉升在即,(09月17日 15:40),09月17日
李大霄：2647双底成立 主力是喜欢双底的高手？,(09月17日 14:34),09月17日
李大霄:优质股票已悄然换手 多方援军将络绎不绝进场,(09月17日 11:20),09月17日
方正：全面推行房地产税短期或对房地产相关行业冲击,(09月17日 09:21),09月17日
证券时报头版：火中取栗或一时得手但不可能永远得手,(09月17日 09:06),09月17日
海通姜超：当前经济的宿命与抵抗 三个数据值得警惕,(09月17日 07:58),09月17日
深圳基金经理放言：买入持有三年 赚钱概率超过九成,(09月17日 07:20),09月17日
杨德龙：当前投资者要守住业绩、心理和仓位三条底线,(09月17日 07:20),09月17日
郭施亮：A股迎来史上最大回购潮 需要注意哪些问题？,(09月17日 03:05),09月17日
皮海洲：外资“抄底A股”之说 煽情大于实际操作,(09月17日 03:04),09月17日
华润元大基金：市场四季度或迎机会,(09月17日 01:29),09月17日
前海联合基金：市场风险偏好有望修复,(09月17日 01:29),09月17日
下周影响市场重要资讯前瞻,(09月16日 15:11),09月16日
水皮：我国经济至少会经历三年的调整期,(09月15日 07:49),09月15日
闻韶：董事长增持是双刃剑 增持目的大不相同,(09月15日 01:14),09月15日
信达证券陈嘉禾：大众爱机会 聪明人爱体系,(09月15日 01:14),09月15日
十大博客看后市：下周将再次考验2638点支撑,(09月14日 15:51),09月14日
李大霄：从时间节点来看2647大底的成立理由众多,(09月14日 15:07),09月14日
海通策略：2008年以来A股涨幅没配上GDP,(09月14日 14:35),09月14日
李大霄：七大特征佐证2647大底 A股“大”牛市将启航,(09月14日 12:03),09月14日
为有效增强投资者信心 A股491家公司已实施回购股票,(09月14日 09:51),09月14日
经济日报：应正确理解股份回购作用,(09月14日 06:15),09月14日
谭雅玲: 人民币汇率慎重贬值很必要,(09月14日 04:54),09月14日
证券日报：不管“私营”还是“国有”都是中国的,(09月14日 04:54),09月14日
媒体：“沪伦通”之后会有“沪莫通”吗？,(09月14日 04:54),09月14日
管清友：股票市场已从资金端去杠杆到了资产端去杠杆,(09月14日 01:32),09月14日
身处看守所16个月后首度发声 鲜言称将提供财产线索,(09月13日 21:15),09月13日
鲜某首度发声悔过：愿意提供财产线索 配合法院执行,(09月13日 19:37),09月13日
十大博客看后市：A股一波三折暗藏重磅信号,(09月13日 15:41),09月13日
杨德龙：三季度市场筑底为主 四季度存大幅反弹机会,(09月13日 15:30),09月13日
李大霄：A股久违跳空高开 2647大底论断成立,(09月13日 09:57),09月13日
招商基金：A股估值继续筑底 静待反弹行情,(09月13日 09:26),09月13日
2638点心理战：破而后立or不破而立,(09月13日 09:06),09月13日
中证报头版评论员文章：美股牛市盛宴或变剩宴(附图),(09月13日 03:52),09月13日
"评论:资本玩家""掏空""上市公司 严重者应追究其刑责",(09月13日 02:30),09月13日
太平洋证券：理性看待大盘新低 耐心等待合适买点,(09月13日 00:04),09月13日
下修转股价存很大的不确定性 别赌可转债下修转股价,(09月13日 00:01),09月13日
天风策略：历次破净潮回顾 寻找错杀标的,(09月12日 23:32),09月12日
水皮：只要挺过股市三年调整周期 未来依然晴空万里,(09月12日 20:21),09月12日
陈光明：对于投资者最美好的时光是熊市 特别踏实,(09月12日 18:45),09月12日
杨德龙：大盘何时迎来反弹机会？,(09月12日 15:55),09月12日
李大霄：四大理由支撑2647点是市场转折点,(09月12日 15:21),09月12日
十大博客看后市：逢调即吸别等大涨再追,(09月12日 15:17),09月12日
李大霄：2647.17点为本次调整低点 反攻正式开始,(09月12日 11:00),09月12日
任泽平：回顾20年四轮货币政策周期 现在还会放松吗?,(09月12日 06:38),09月12日
社科院：A股估值已降至历史较低水平 投资价值浮现,(09月12日 06:08),09月12日
评论：外资加速入场有助A股稳定,(09月12日 06:08),09月12日
专家建议：借鉴境外监管经验 推动建立库存股制度,(09月12日 01:38),09月12日
每经：资本市场双向开放蹄疾步稳 中长期有利于A股,(09月12日 01:22),09月12日
海通:对比海外A股很憋屈 中国GDP占全球15%A股仅占9%,(09月12日 00:03),09月12日
A股还有15%下跌空间？冬天接近于尾声还是熊市结束了,(09月11日 18:29),09月11日
A股底部特征加强？破净股数量创历史新高,(09月11日 10:23),09月11日
证券日报：房地产税法总体思路正在坐实,(09月11日 03:04),09月11日
证券时报：引入逆周期调节机制促使股市回归理性,(09月11日 01:31),09月11日
国联安基金邹新进：估值处于底部 市场四季度或转向,(09月11日 01:29),09月11日
评论:很多市盈率30倍以下 A股中小盘股估值体系生变,(09月11日 00:12),09月11日
中证报：2700点下方不悲观 “政策底”已经确定无疑,(09月11日 00:10),09月11日
垃圾股集体狂欢 大白马回调后你还好吗？,(09月10日 19:36),09月10日
张忆东：中国经济处在秋天 现在是黎明前的黑暗,(09月10日 19:07),09月10日
管清友：A股像高铁跑在乡间小道 追赶不上经济的脚步,(09月10日 18:31),09月10日
熊市阶段的A股市场 确实越来越理性和港股化,(09月10日 18:15),09月10日
十大博客看后市：三大指数创新低暗藏积极信号,(09月10日 15:37),09月10日
李大霄:维稳会议释放积极信号 优质核心资产将被争抢,(09月10日 13:11),09月10日
申万宏源：社保征管体制改革对A股盈利有多大影响？,(09月10日 12:03),09月10日
兴证宏观王涵：换一个角度看今年的“债强股弱”,(09月10日 09:48),09月10日
冯仑谈房地产未来趋势：今后可能出的政策不会太多了,(09月10日 08:16),09月10日
评论：救市应避免伤害政府公信力,(09月10日 03:47),09月10日
盘和林：传统经纪人模式遭遇挑战 券商业务转型在即,(09月10日 03:47),09月10日
皮海洲：沪伦通将成上市公司“试金石”,(09月10日 03:46),09月10日
中银国际：社保征缴若严格依据要求 对A股利润影响6%,(09月09日 18:25),09月09日
下周影响市场重要资讯前瞻,(09月09日 15:45),09月09日
李迅雷：去杠杆虽未停 9月市场流动性无忧,(09月09日 10:39),09月09日
十大博客看后市：周末还需观望靴子落地,(09月07日 15:33),09月07日
李大霄：政策利好持续升温 回购新规筑牢市场底部,(09月07日 10:56),09月07日
逆回购连续12个交易日暂停 多因素考验9月流动性,(09月07日 08:07),09月07日
郭施亮:今年上市公司回购力度增多 如何解读这一现象,(09月07日 07:28),09月07日
证券时报：消除制度羁绊 让上市公司回购放开手脚,(09月07日 03:30),09月07日
证券日报：让上市公司回购成为常态,(09月07日 02:24),09月07日
A股新利好：回购制度补齐三大短板,(09月07日 01:03),09月07日
媒体:股市目前流动性不佳 适当关注个股期权投资机会,(09月07日 01:03),09月07日
深交所投教中心：借你一双慧眼 识破财务舞弊,(09月06日 17:09),09月06日
十大博客看后市：满仓抄底的时间即将到来,(09月06日 15:45),09月06日
李大霄：公司法修正草案发布?政策利好助力A股筑底,(09月06日 14:22),09月06日
杨德龙：为何要坚持基本面选股？,(09月06日 11:26),09月06日
李大霄：8月份产业资金开始逆转 中国版401K或成雏形,(09月06日 11:18),09月06日
皮海洲：沪伦通来了 A股公司挂牌的热情有多高？,(09月06日 09:54),09月06日
评论：股价低于面值退市规定为何尚未发挥效力？,(09月06日 03:05),09月06日
德龙密语：为何要坚持基本面选股？,(09月05日 17:35),09月05日
十大博客看后市：周四市场迎来重要历史性转折点,(09月05日 15:36),09月05日
瑞银：国际化机构化将成A股未来两大趋势,(09月05日 06:33),09月05日
皮海洲：上市公司分红制度有待完善 建议取消红利税,(09月05日 02:30),09月05日
支持未盈利生物医药企业上市 要建立筛选机制,(09月05日 02:30),09月05日
证券时报评资本市场监管:3天1规则 证监会主席不轻松,(09月05日 02:26),09月05日
乐视网+中弘股份日吸金10亿 等于249家公司成交总和,(09月05日 00:22),09月05日
不足百元的可转债有避险功能 投资者可重点关注,(09月05日 00:09),09月05日
李大霄:上证50上穿60天线 龙头股将带动市场摆脱低迷,(09月04日 17:38),09月04日
十大博客看后市：阶段性反弹再度开启,(09月04日 15:32),09月04日
李大霄：政策利好持续发酵?A股市场底部信号频现,(09月04日 14:04),09月04日
李大霄:上市公司回购创历年新高 空方疲劳现底部特征,(09月04日 11:32),09月04日
规范主要举措是信披 遏制忽悠式等重组应打其七寸,(09月04日 03:02),09月04日
利于投资属性回归 沪伦通将成为A股蓄水池而非抽水机,(09月04日 03:02),09月04日
ST长生股票重创炒作客 风险教育学费莫白交,(09月04日 02:21),09月04日
评论:尽早挂牌全国性调解中心 高效化解资本市场纠纷,(09月04日 01:11),09月04日
推出具有国际影响力A股市场指数势在必行,(09月04日 01:04),09月04日
决定股价调整的关键在预期 中报超预期股是布局良机,(09月04日 00:34),09月04日
王倩：取消金融机构外资入股限制需防范过渡期风险,(09月04日 00:33),09月04日
十大博客看后市：周二检验大盘是否企稳,(09月03日 15:20),09月03日
投服中心：坚持人民性宗旨 以创新模式求业务发展,(09月03日 13:46),09月03日
